rmse,mae,pearson,spearman,best_params
0.7163496987290081,0.5721562504768372,0.7025114,0.722623213627065,{'model__alpha': 10.0}
0.6984207458534758,0.5560179948806763,0.7090469,0.7196072574708421,{'model__alpha': 10.0}
0.7162713143204772,0.573588490486145,0.69537085,0.7117777365375764,{'model__alpha': 10.0}
0.7067730679871426,0.5630359053611755,0.7073809,0.7260363358081898,{'model__alpha': 10.0}
0.7141826887421855,0.5698715448379517,0.7056393,0.7217561183098083,{'model__alpha': 10.0}
